id;nro_doc;nombre;email
1;Buckinghamshire transmitting;multiestado;Gustavo.Rivera12@hotmail.com
2;Account;Metal Interno Leone;MaraElena58@yahoo.com
3;neural Buckinghamshire Aragón;generate;Octavio.Tafoya10@gmail.com
4;Central;Morado cross-platform Decoración;Julia_Venegas36@yahoo.com
5;Rial;morph;Emilia.Flores@hotmail.com
6;Bicicleta;Bedfordshire Costa navigating;Josefina9@yahoo.com
7;Hormigon proyección payment;up;Gregorio_Ceja@gmail.com
8;auxiliary Gerente;Perú;Ins_Armendriz@yahoo.com
9;Investment tiempo;open-source Refinado;Amalia.Arias66@hotmail.com
10;Salud complejidad hack;Andalucía;Ernesto9@yahoo.com
